{
  "norm_stats": {
    "state": {
      "mean": [
        -0.5258336282940189,
        -0.3828569928828467,
        0.16306815107427144,
        -1.7266244789421445,
        -0.616509830112226,
        1.6033767914810673,
        -0.055371084943334634,
        0.5727271952095438
      ],
      "std": [
        0.19054408273891604,
        0.2530139425690371,
        0.17615339097733743,
        0.2280021215022443,
        0.2743014750242936,
        0.14701568113477512,
        0.24127084853260955,
        0.4475074009579744
      ],
      "q01": [
        -1.040003786659156,
        -1.0002192928737723,
        -0.24549574746120922,
        -2.0956778216951992,
        -1.2479698646202144,
        1.215496722934874,
        -0.7183761270084188,
        0.0047334833929161685
      ],
      "q99": [
        -0.21540942174470956,
        0.01741593090602045,
        0.5845499067671709,
        -1.1294932092676264,
        -0.0521496495340259,
        1.919925795941177,
        0.6104979101851429,
        0.9990806892817796
      ]
    },
    "actions": {
      "mean": [
        -0.5314292384769637,
        -0.37433067103100615,
        0.15898003925641765,
        -1.715415567433655,
        -0.608278533327772,
        1.607216843434208,
        -0.055661591168517766,
        0.5652691689894631
      ],
      "std": [
        0.19080388238928364,
        0.2428906374598518,
        0.180285163850407,
        0.2253401405746625,
        0.27557793191629354,
        0.14804867368635127,
        0.2453568233395397,
        0.48298061219726957
      ],
      "q01": [
        -1.0395615263400815,
        -0.9676931297442244,
        -0.2552737721837949,
        -2.0946513708348986,
        -1.27981908498306,
        1.2156242918389,
        -0.7265262284324823,
        -1e-10
      ],
      "q99": [
        -0.21341925030887432,
        0.01741593090602045,
        0.5848215185650205,
        -1.1235745232839347,
        -0.0361106718423847,
        1.9198498595424094,
        0.6129429406123621,
        0.99980000009996
      ]
    }
  }
}