{
  "norm_stats": {
    "state": {
      "mean": [
        0.456285373102159,
        -0.16212783440612064,
        0.9821234268927722,
        0.22934612913272723,
        -0.25651503122458924,
        0.336943855191883,
        0.5843749271201949
      ],
      "std": [
        0.05140282138030425,
        0.07427490144196035,
        0.031561787247037315,
        0.15024120796280008,
        0.11667634380352546,
        0.23087410151085247,
        0.44002451163975453
      ],
      "q01": [
        0.36199469145433116,
        -0.324397200127685,
        0.9202361216093142,
        -0.1712427678727406,
        -0.5558063802008996,
        -0.2272968849347687,
        0.0050957257527435825
      ],
      "q99": [
        0.5679560895422107,
        0.029024675743394845,
        1.074668749074402,
        0.5773939205977692,
        0.08548331483097882,
        0.9162388216139417,
        0.9991194929861354
      ]
    },
    "actions": {
      "mean": [
        0.45649282472341207,
        -0.16197648184246888,
        0.981610504493148,
        0.23032009951448904,
        -0.2557462296598547,
        0.3341581162302085,
        0.5766996352043464
      ],
      "std": [
        0.05144588252798005,
        0.07416523462113128,
        0.030949975935056207,
        0.14955657739505432,
        0.11696508174417033,
        0.23042973055548308,
        0.4767477118943258
      ],
      "q01": [
        0.36199469145433116,
        -0.32744467019507634,
        0.9202361216093142,
        -0.1727755133595185,
        -0.5558063802008996,
        -0.23502734664654018,
        -1e-10
      ],
      "q99": [
        0.5681622055272874,
        0.029024675743394845,
        1.0596503958342014,
        0.5780508115206741,
        0.08564130687212979,
        0.9162388216139417,
        0.99980000009996
      ]
    }
  }
}