{
  "norm_stats": {
    "state": {
      "mean": [
        0.4560465108089625,
        -0.169612743812341,
        0.982638758880792,
        0.22947050459961918,
        -0.25315484871017274,
        0.3014924925795994,
        0.5858323891654863
      ],
      "std": [
        0.04941833901052906,
        0.07121101577043809,
        0.03334101596219283,
        0.1380798741101371,
        0.11175968223721215,
        0.24954138017378652,
        0.44463364781125425
      ],
      "q01": [
        0.3585212684597017,
        -0.3441533455208279,
        0.9210293023878366,
        -0.10391994744278565,
        -0.5295479182274887,
        -0.2721006838796867,
        0.00523618452265362
      ],
      "q99": [
        0.5566513831695401,
        -0.015497439066841812,
        1.0844016888754022,
        0.5614603020617762,
        -0.021688557789885543,
        0.9343209175127398,
        0.9991195492033738
      ]
    },
    "actions": {
      "mean": [
        0.4562498547387472,
        -0.16953927459171464,
        0.9822036528608948,
        0.23035610712051602,
        -0.252456184153766,
        0.2986708128637248,
        0.5785056473331134
      ],
      "std": [
        0.0494246735742371,
        0.07119400040705802,
        0.03284743262120928,
        0.1375583151440004,
        0.11197001242703598,
        0.2490329021659527,
        0.4824025317475015
      ],
      "q01": [
        0.3585212684597017,
        -0.3442341559232016,
        0.9209892503195631,
        -0.10403589218728232,
        -0.5295479182274887,
        -0.2745665430547351,
        -1e-10
      ],
      "q99": [
        0.5566513831695401,
        -0.015497439066841812,
        1.0844817930119492,
        0.5619145807188966,
        -0.021035278447928185,
        0.9343209175127398,
        0.99980000009996
      ]
    }
  }
}