{
  "norm_stats": {
    "state": {
      "mean": [
        0.4585600481613244,
        -0.1701433060734479,
        0.9848848535286382,
        0.19787125066984895,
        -0.24745609219018072,
        0.35483024466570356,
        0.5727254170491388
      ],
      "std": [
        0.04612752725885971,
        0.07607736767318023,
        0.03432896515579522,
        0.15722691104366762,
        0.12058133951503248,
        0.29485553177409124,
        0.44750313202168535
      ],
      "q01": [
        0.3665684114420237,
        -0.32939414787931925,
        0.9205904302576711,
        -0.17214500767352103,
        -0.5162907062453652,
        -0.2760566106120953,
        0.0047334833929161685
      ],
      "q99": [
        0.5642998407742268,
        -0.002223188423476019,
        1.0788315328773985,
        0.56465585340605,
        0.08378710808761458,
        1.1221849396583563,
        0.9990806892817796
      ]
    },
    "actions": {
      "mean": [
        0.45879386926664145,
        -0.17010363390104138,
        0.98453438619527,
        0.198457963291771,
        -0.24671119323677523,
        0.3524857933739163,
        0.5653838905271955
      ],
      "std": [
        0.046150869413326176,
        0.07610223101206465,
        0.03398463492489908,
        0.15718781257838518,
        0.12085918707479838,
        0.2954320034052742,
        0.48302023353183215
      ],
      "q01": [
        0.3665684114420237,
        -0.33026613870942545,
        0.920553035650484,
        -0.17354576976682823,
        -0.5162907062453652,
        -0.28417572535751856,
        -1e-10
      ],
      "q99": [
        0.5643530229768444,
        -0.002223188423476019,
        1.079510158842197,
        0.5648893137549345,
        0.08429636790175854,
        1.1220416472074515,
        0.99980000009996
      ]
    }
  }
}